epoch,train_loss,val_loss,val_acc,val_f1
1,1.4624566391840381,1.2468636586422768,0.5560513106525377,0.5146856677008383
2,1.199173759680059,1.1793792884707517,0.5833798103736754,0.5591769869624611
3,1.1409851674627371,1.1565805740750041,0.600111544896821,0.5829162121356228
