epoch,train_loss,val_loss,val_acc,val_f1
1,2.0828091488109797,2.027326242883778,0.17318435754189945,0.11390056022408963
2,2.012460565942479,1.9692020988997134,0.2681564245810056,0.1891789545713659
