epoch,train_loss,val_loss,val_acc,val_f1
1,1.2633633117565086,1.139132394381096,0.6029001673173452,0.5428684801419174
