epoch,train_loss,val_loss,val_acc,val_f1
1,2.13821538226811,2.0312437287877114,0.21348314606741572,0.12347992081447964
2,2.000120912011214,1.9257291260730014,0.29213483146067415,0.13881290221006434
