epoch,train_loss,val_loss,val_acc,val_f1
1,2.028996743778191,2.0144637121873745,0.23529411764705882,0.1326530612244898
2,2.0198534927745855,2.0190174719866585,0.23529411764705882,0.1326530612244898
3,2.0121050471126445,2.02237063295701,0.23529411764705882,0.1326530612244898
