epoch,train_loss,val_loss,val_acc,val_f1
1,2.082879361539784,2.1939261310240803,0.23529411764705882,0.10989010989010989
2,2.0761486823015876,2.1924221375409294,0.23529411764705882,0.10989010989010989
3,2.0704190707442782,2.192961797994726,0.23529411764705882,0.10989010989010989
